{
  "build": "py311h5da7b33_0",
  "build_number": 0,
  "channel": "https://repo.anaconda.com/pkgs/main/win-64",
  "constrains": [],
  "depends": [
    "python >=3.11,<3.12.0a0",
    "vc >=14.2,<15.0a0",
    "vs2015_runtime >=14.29.30133,<15.0a0"
  ],
  "extracted_package_dir": "C:\\Users\\dna\\.conda\\pkgs\\pyodbc-5.1.0-py311h5da7b33_0",
  "files": [
    "Lib/site-packages/pyodbc-5.1.0.dist-info/INSTALLER",
    "Lib/site-packages/pyodbc-5.1.0.dist-info/LICENSE.txt",
    "Lib/site-packages/pyodbc-5.1.0.dist-info/METADATA",
    "Lib/site-packages/pyodbc-5.1.0.dist-info/RECORD",
    "Lib/site-packages/pyodbc-5.1.0.dist-info/REQUESTED",
    "Lib/site-packages/pyodbc-5.1.0.dist-info/WHEEL",
    "Lib/site-packages/pyodbc-5.1.0.dist-info/direct_url.json",
    "Lib/site-packages/pyodbc-5.1.0.dist-info/top_level.txt",
    "Lib/site-packages/pyodbc.cp311-win_amd64.pyd",
    "Lib/site-packages/pyodbc.pyi"
  ],
  "fn": "pyodbc-5.1.0-py311h5da7b33_0.conda",
  "license": "MIT-0",
  "link": {
    "source": "C:\\Users\\dna\\.conda\\pkgs\\pyodbc-5.1.0-py311h5da7b33_0",
    "type": 1
  },
  "md5": "36049b706b01cf0e528edb71b5bdf37f",
  "name": "pyodbc",
  "package_tarball_full_path": "C:\\Users\\dna\\.conda\\pkgs\\pyodbc-5.1.0-py311h5da7b33_0.conda",
  "paths_data": {
    "paths": [
      {
        "_path": "Lib/site-packages/pyodbc-5.1.0.dist-info/INSTALLER",
        "path_type": "hardlink",
        "sha256": "d0edee15f91b406f3f99726e44eb990be6e34fd0345b52b910c568e0eef6a2a8",
        "sha256_in_prefix": "d0edee15f91b406f3f99726e44eb990be6e34fd0345b52b910c568e0eef6a2a8",
        "size_in_bytes": 5
      },
      {
        "_path": "Lib/site-packages/pyodbc-5.1.0.dist-info/LICENSE.txt",
        "path_type": "hardlink",
        "sha256": "9859c85770c91b7866b0f769c938e36d64d0260141b529b947b4ead96883eab4",
        "sha256_in_prefix": "9859c85770c91b7866b0f769c938e36d64d0260141b529b947b4ead96883eab4",
        "size_in_bytes": 868
      },
      {
        "_path": "Lib/site-packages/pyodbc-5.1.0.dist-info/METADATA",
        "path_type": "hardlink",
        "sha256": "b6d5ec2004bd07300ba336f8584d3303c64fc6baa5f93e21099b096f1647fcd5",
        "sha256_in_prefix": "b6d5ec2004bd07300ba336f8584d3303c64fc6baa5f93e21099b096f1647fcd5",
        "size_in_bytes": 2772
      },
      {
        "_path": "Lib/site-packages/pyodbc-5.1.0.dist-info/RECORD",
        "path_type": "hardlink",
        "sha256": "9bd07d411ae70ffcab0ba2dbddd5e2bbfb7322f8b177673a9525e80bb534271a",
        "sha256_in_prefix": "9bd07d411ae70ffcab0ba2dbddd5e2bbfb7322f8b177673a9525e80bb534271a",
        "size_in_bytes": 812
      },
      {
        "_path": "Lib/site-packages/pyodbc-5.1.0.dist-info/REQUESTED",
        "path_type": "hardlink",
        "sha256": "e3b0c44298fc1c149afbf4c8996fb92427ae41e4649b934ca495991b7852b855",
        "sha256_in_prefix": "e3b0c44298fc1c149afbf4c8996fb92427ae41e4649b934ca495991b7852b855",
        "size_in_bytes": 0
      },
      {
        "_path": "Lib/site-packages/pyodbc-5.1.0.dist-info/WHEEL",
        "path_type": "hardlink",
        "sha256": "480c3c9ecea42562675e76d1134d13b5ca465b1e386775af8c9b03471c08c6bf",
        "sha256_in_prefix": "480c3c9ecea42562675e76d1134d13b5ca465b1e386775af8c9b03471c08c6bf",
        "size_in_bytes": 101
      },
      {
        "_path": "Lib/site-packages/pyodbc-5.1.0.dist-info/direct_url.json",
        "path_type": "hardlink",
        "sha256": "c1d60da7a2bd75cddd508c83b7a3c8871d902e7f45e92f795e1c82bbe8eb52ff",
        "sha256_in_prefix": "c1d60da7a2bd75cddd508c83b7a3c8871d902e7f45e92f795e1c82bbe8eb52ff",
        "size_in_bytes": 86
      },
      {
        "_path": "Lib/site-packages/pyodbc-5.1.0.dist-info/top_level.txt",
        "path_type": "hardlink",
        "sha256": "45bebdbd2f9234dfc17e1f7dbd7ede09cbc4009a32ce8c06deee11ed6dfa165c",
        "sha256_in_prefix": "45bebdbd2f9234dfc17e1f7dbd7ede09cbc4009a32ce8c06deee11ed6dfa165c",
        "size_in_bytes": 8
      },
      {
        "_path": "Lib/site-packages/pyodbc.cp311-win_amd64.pyd",
        "path_type": "hardlink",
        "sha256": "41dcf1e46e3acfa25fa5585af80cc01388793c15f7f3a56a300ba33443431970",
        "sha256_in_prefix": "41dcf1e46e3acfa25fa5585af80cc01388793c15f7f3a56a300ba33443431970",
        "size_in_bytes": 144656
      },
      {
        "_path": "Lib/site-packages/pyodbc.pyi",
        "path_type": "hardlink",
        "sha256": "497903a04b357e9f8a7b8cda8a117b7cca0a8b92e47c2c32010f1ff4543ebd08",
        "sha256_in_prefix": "497903a04b357e9f8a7b8cda8a117b7cca0a8b92e47c2c32010f1ff4543ebd08",
        "size_in_bytes": 32351
      }
    ],
    "paths_version": 1
  },
  "requested_spec": "pyodbc",
  "sha256": "c175efdd87b56906b0a86973edf70e5f45fd8ed690bc1dede78a59b441647bf3",
  "size": 76712,
  "subdir": "win-64",
  "timestamp": 1725560402000,
  "url": "https://repo.anaconda.com/pkgs/main/win-64/pyodbc-5.1.0-py311h5da7b33_0.conda",
  "version": "5.1.0"
}